Setup,https://www.techseries.dev/products/coderpro/categories/1831147/posts/6244604
Valid Binary Search Tree,https://www.techseries.dev/products/coderpro/categories/1831147/posts/6231427
Ransom Note,https://www.techseries.dev/products/coderpro/categories/1831147/posts/6231429
Add two numbers as a linked list,https://www.techseries.dev/products/coderpro/categories/1831147/posts/6176705
Two Sum,https://www.techseries.dev/products/coderpro/categories/1831147/posts/6228789
First and Last Indices of an Element in a Sorted Array,https://www.techseries.dev/products/coderpro/categories/1831147/posts/6178058
Permutations,https://www.techseries.dev/products/coderpro/categories/1831147/posts/6231428
Sorting a list with 3 unique numbers,https://www.techseries.dev/products/coderpro/categories/1831147/posts/6178059
Queue Reconstruction By Height,https://www.techseries.dev/products/coderpro/categories/1831147/posts/6228781
Find the non-duplicate number,https://www.techseries.dev/products/coderpro/categories/1831147/posts/6178060
Reverse A Linkedlist,https://www.techseries.dev/products/coderpro/categories/1831147/posts/6228782
Maximum In A Stack,https://www.techseries.dev/products/coderpro/categories/1831147/posts/6178061
Course Schedule,https://www.techseries.dev/products/coderpro/categories/1831147/posts/6228783
Find Pythagorean Triplets,https://www.techseries.dev/products/coderpro/categories/1831147/posts/6178062
Push Dominoes,https://www.techseries.dev/products/coderpro/categories/1831147/posts/6228784
Simple Calculator,https://www.techseries.dev/products/coderpro/categories/1831147/posts/6190116
Product Of Array Except Self,https://www.techseries.dev/products/coderpro/categories/1831147/posts/6228785
Non Decreasing Array,https://www.techseries.dev/products/coderpro/categories/1831147/posts/6228786
Word Search,https://www.techseries.dev/products/coderpro/categories/1831147/posts/6190118
Top K Frequent Elements,https://www.techseries.dev/products/coderpro/categories/1831147/posts/6228787
Remove Kth Last Element From Linked List,https://www.techseries.dev/products/coderpro/categories/1831147/posts/6190175
Valid Parentheses,https://www.techseries.dev/products/coderpro/categories/1831147/posts/6228788
Find the Kth Largest Element in a List,https://www.techseries.dev/products/coderpro/categories/1831147/posts/6190177
3 Sum,https://www.techseries.dev/products/coderpro/categories/1831147/posts/6228685
Spiral Traversal,https://www.techseries.dev/products/coderpro/categories/1831147/posts/6191071
Unique Paths,https://www.techseries.dev/products/coderpro/categories/1831147/posts/6228790
Queue Using Stacks,https://www.techseries.dev/products/coderpro/categories/1831147/posts/6191083
Remove Zero Sum Consecutive Nodes,https://www.techseries.dev/products/coderpro/categories/1831147/posts/6228791
Merge K Sorted Linked Lists,https://www.techseries.dev/products/coderpro/categories/1831147/posts/6191084
Generate Parentheses,https://www.techseries.dev/products/coderpro/categories/1831147/posts/6228792
Depth of a Binary Tree,https://www.techseries.dev/products/coderpro/categories/1831147/posts/6191085
Intersection of Two Linked Lists,https://www.techseries.dev/products/coderpro/categories/1831147/posts/6228794
First Missing Positive Integer,https://www.techseries.dev/products/coderpro/categories/1831147/posts/6191086
Meeting Rooms,https://www.techseries.dev/products/coderpro/categories/1831147/posts/6228795
Sort Colors,https://www.techseries.dev/products/coderpro/categories/1831147/posts/6228793
Number of Islands,https://www.techseries.dev/products/coderpro/categories/1831147/posts/6228796
Get all Values at a Certain Height in a Binary Tree,https://www.techseries.dev/products/coderpro/categories/1831147/posts/6191088
Balanced Binary Tree,https://www.techseries.dev/products/coderpro/categories/1831147/posts/6228797
Count Number of Unival Subtrees,https://www.techseries.dev/products/coderpro/categories/1831147/posts/6191089
Maximum Depth of a Tree,https://www.techseries.dev/products/coderpro/categories/1831147/posts/6228798
Group Words that are Anagrams,https://www.techseries.dev/products/coderpro/categories/1831147/posts/6191090
Minimum Subarray Length,https://www.techseries.dev/products/coderpro/categories/1831147/posts/6228799
Merge List Of Number Into Ranges,https://www.techseries.dev/products/coderpro/categories/1831147/posts/6194819
Maximum Subarray,https://www.techseries.dev/products/coderpro/categories/1831147/posts/6228820
Array Intersection,https://www.techseries.dev/products/coderpro/categories/1831147/posts/6194820
Invert a Binary Tree,https://www.techseries.dev/products/coderpro/categories/1831147/posts/6228821
Angles of a Clock,https://www.techseries.dev/products/coderpro/categories/1831147/posts/6194821
Climbing Stairs,https://www.techseries.dev/products/coderpro/categories/1831147/posts/6228822
Tree Serialization,https://www.techseries.dev/products/coderpro/categories/1831147/posts/6194822
Longest Substring Without Repeating Characters,https://www.techseries.dev/products/coderpro/categories/1831147/posts/6228823
Circle of Chained Words,https://www.techseries.dev/products/coderpro/categories/1831147/posts/6194823
Merge Intervals,https://www.techseries.dev/products/coderpro/categories/1831147/posts/6228800
Best Time to Buy And Sell Stock,https://www.techseries.dev/products/coderpro/categories/1831147/posts/6231426
Phone Numbers,https://www.techseries.dev/products/coderpro/categories/1831147/posts/6283390
Quickselect (iterative),https://www.techseries.dev/products/coderpro/categories/1831147/posts/6283428
Clone Trees,https://www.techseries.dev/products/coderpro/categories/1831147/posts/6283430
Level by Level Trees,https://www.techseries.dev/products/coderpro/categories/1831147/posts/6283431
Max Connected Colors in a Grid,https://www.techseries.dev/products/coderpro/categories/1831147/posts/6283433
Closest Points to the Origin,https://www.techseries.dev/products/coderpro/categories/1831147/posts/6283434
Autocompletion,https://www.techseries.dev/products/coderpro/categories/1831147/posts/6283435
Fibonacci Number,https://www.techseries.dev/products/coderpro/categories/1831147/posts/6194824
Roman Numerals to Decimal,https://www.techseries.dev/products/coderpro/categories/1831147/posts/6866337
Subarray With Target Sum,https://www.techseries.dev/products/coderpro/categories/1831147/posts/6866339
Absolute Paths,https://www.techseries.dev/products/coderpro/categories/1831147/posts/6866340
Consecutive Bit Ones,https://www.techseries.dev/products/coderpro/categories/1831147/posts/6866341
Anagrams in a String,https://www.techseries.dev/products/coderpro/categories/1831147/posts/7073729
Check for Palindrome,https://www.techseries.dev/products/coderpro/categories/1831147/posts/7073730
Rectangle Intersection,https://www.techseries.dev/products/coderpro/categories/1831147/posts/6867669
Find Subtree,https://www.techseries.dev/products/coderpro/categories/1831147/posts/7073732
Determine if Number,https://www.techseries.dev/products/coderpro/categories/1831147/posts/7073731
First Recurring Character,https://www.techseries.dev/products/coderpro/categories/1831147/posts/7073733
Inorder Successor,https://www.techseries.dev/products/coderpro/categories/1831147/posts/7073734
Rotate Linked List,https://www.techseries.dev/products/coderpro/categories/1831147/posts/6867757
Remove Duplicate From Linked List,https://www.techseries.dev/products/coderpro/categories/1831147/posts/7073748
Optimized List Sum,https://www.techseries.dev/products/coderpro/categories/1831147/posts/7073747
Sorted Square Numbers,https://www.techseries.dev/products/coderpro/categories/1831147/posts/7073763
String to Integer,https://www.techseries.dev/products/coderpro/categories/1831147/posts/7073764
Shortest Unique Prefix,https://www.techseries.dev/products/coderpro/categories/1831147/posts/7073749
Make the Largest Number,https://www.techseries.dev/products/coderpro/categories/1831147/posts/7073735
N Queens,https://www.techseries.dev/products/coderpro/categories/1831147/posts/7073736
Sum of Squares,https://www.techseries.dev/products/coderpro/categories/1831147/posts/7073766
Swap Every Two Nodes,https://www.techseries.dev/products/coderpro/categories/1831147/posts/7073768
Multitasking,https://www.techseries.dev/products/coderpro/categories/1831147/posts/7400598
Generate Binary Search Trees,https://www.techseries.dev/products/coderpro/categories/1831147/posts/7400612
Zig-Zag Binary Trees,https://www.techseries.dev/products/coderpro/categories/1831147/posts/7400613
Balanced Binary Trees,https://www.techseries.dev/products/coderpro/categories/1831147/posts/7400616
Character Mapping,https://www.techseries.dev/products/coderpro/categories/1831147/posts/7400617
Reverse Polish Notation Calculator,https://www.techseries.dev/products/coderpro/categories/1831147/posts/7400619
Maze Paths,https://www.techseries.dev/products/coderpro/categories/1831147/posts/7400620
Filter Leaves of a Binary Tree,https://www.techseries.dev/products/coderpro/categories/1831147/posts/7400621
Frequent Subtree Sum,https://www.techseries.dev/products/coderpro/categories/1831147/posts/7400597
Partition a List,https://www.techseries.dev/products/coderpro/categories/1831147/posts/7400623
Arithmetic Binary Tree,https://www.techseries.dev/products/coderpro/categories/1831147/posts/7673632
Searching A Matrix,https://www.techseries.dev/products/coderpro/categories/1831147/posts/7673633
H Index,https://www.techseries.dev/products/coderpro/categories/1831147/posts/7673634
Number of 1 Bits,https://www.techseries.dev/products/coderpro/categories/1831147/posts/7673635
Jump To The End,https://www.techseries.dev/products/coderpro/categories/1831147/posts/7673636
Fixed Point,https://www.techseries.dev/products/coderpro/categories/1831147/posts/7673637
Number of Cousins,https://www.techseries.dev/products/coderpro/categories/1831147/posts/7673638
Longest Increasing Subsequence,https://www.techseries.dev/products/coderpro/categories/1831147/posts/7673639
Distribute Bonuses,https://www.techseries.dev/products/coderpro/categories/1831147/posts/7673640
Word Concatenation,https://www.techseries.dev/products/coderpro/categories/1831147/posts/7990101
Running Median,https://www.techseries.dev/products/coderpro/categories/1831147/posts/7673641